epoch,time,train/box_loss,train/cls_loss,train/dfl_loss,metrics/precision(B),metrics/recall(B),metrics/mAP50(B),metrics/mAP50-95(B),val/box_loss,val/cls_loss,val/dfl_loss,lr/pg0,lr/pg1,lr/pg2
1,3.42975,2.35529,3.7514,1.17488,0,0,0,0,2.69756,3.73526,1.48167,0,0,0
2,6.50025,2.3967,3.7497,1.17403,0,0,0,0,2.66117,3.72956,1.45822,1.967e-05,1.967e-05,1.967e-05
3,9.64416,2.41855,3.69259,1.27413,0.00417,0.13889,0.00058,0.00011,2.57711,3.67961,1.39288,3.868e-05,3.868e-05,3.868e-05
4,12.6574,2.29,3.52334,1.26971,0.02,0.66667,0.01654,0.00433,2.36002,3.53125,1.24486,5.703e-05,5.703e-05,5.703e-05
5,15.4609,2.06559,3.38359,1.15569,0.0275,0.91667,0.04886,0.02012,2.00572,3.37807,1.08725,7.472e-05,7.472e-05,7.472e-05
6,18.2552,1.75958,3.33551,1.04532,0.03,1,0.07897,0.04039,1.68479,3.29326,0.99863,9.175e-05,9.175e-05,9.175e-05
7,21.607,1.31525,3.1444,0.93099,0.03,1,0.08428,0.0499,1.42337,3.25886,0.95022,0.00010812,0.00010812,0.00010812
8,25.4382,1.21043,3.02189,0.87808,0.03,1,0.08389,0.05257,1.28462,3.24102,0.92792,0.00012383,0.00012383,0.00012383
9,29.1594,1.29694,2.73434,0.89703,0.03,1,0.07996,0.05135,1.21051,3.23004,0.91581,0.00013888,0.00013888,0.00013888
10,32.7612,1.33876,2.34411,0.87816,0.03,1,0.07638,0.04553,1.22775,3.22686,0.92023,0.00015327,0.00015327,0.00015327
11,36.2444,1.19522,1.96751,0.8729,0.03,1,0.07478,0.04261,1.22635,3.20766,0.91803,0.000167,0.000167,0.000167
12,40.0932,1.11745,1.58878,0.88793,0.03,1,0.0731,0.03965,1.22553,3.18721,0.91992,0.00018007,0.00018007,0.00018007
13,43.7635,1.23295,1.19944,0.92015,0.03,1,0.07621,0.04448,1.13952,3.1218,0.90431,0.00019248,0.00019248,0.00019248
14,47.7899,1.25822,1.16715,0.87311,0.03,1,0.07541,0.04556,1.11307,3.05604,0.90195,0.00020423,0.00020423,0.00020423
15,51.5463,1.10288,1.02188,0.85374,0.03,1,0.29231,0.18291,1.13076,2.96693,0.90573,0.00021532,0.00021532,0.00021532
16,57.0969,1.07951,0.90182,0.94453,0.03,1,0.91964,0.56921,1.09232,2.87418,0.89557,0.00022575,0.00022575,0.00022575
17,61.6049,1.14547,1.07979,0.92552,0.03,1,0.97939,0.63699,1.06925,2.79822,0.88871,0.00023552,0.00023552,0.00023552
18,65.8292,1.27599,1.00187,0.88097,0.03,1,0.97939,0.63699,1.06925,2.79822,0.88871,0.00024463,0.00024463,0.00024463
19,70.0589,1.26845,1.02877,0.9168,0.03,1,0.995,0.64607,1.09359,2.73181,0.88854,0.00025308,0.00025308,0.00025308
20,74.2327,1.12383,0.82054,0.90161,0.03,1,0.995,0.64607,1.09359,2.73181,0.88854,0.00026087,0.00026087,0.00026087
21,77.5043,1.13391,0.93764,0.91774,0.03,1,0.995,0.6285,1.12784,2.69415,0.89138,0.000268,0.000268,0.000268
22,80.1491,1.15829,0.88123,0.91652,0.03,1,0.995,0.6285,1.12784,2.69415,0.89138,0.00027447,0.00027447,0.00027447
23,83.633,1.13363,0.83333,0.88091,0.03,1,0.995,0.65082,1.10758,2.67171,0.88747,0.00028028,0.00028028,0.00028028
24,87.5977,1.1747,0.9037,0.88484,0.03,1,0.995,0.65082,1.10758,2.67171,0.88747,0.00028543,0.00028543,0.00028543
25,92.063,1.18828,0.78733,0.94145,0.03,1,0.995,0.68101,1.07788,2.65473,0.88406,0.00028992,0.00028992,0.00028992
26,96.9346,1.08272,0.7841,0.90585,0.03,1,0.995,0.68101,1.07788,2.65473,0.88406,0.00029375,0.00029375,0.00029375
27,101.119,1.11434,0.85395,0.85133,0.03,1,0.995,0.67605,1.12227,2.65597,0.89257,0.00029692,0.00029692,0.00029692
28,104.839,1.12458,0.80762,0.92003,0.03,1,0.995,0.67605,1.12227,2.65597,0.89257,0.00029943,0.00029943,0.00029943
29,109,1.08017,0.80709,0.86904,0.03,1,0.995,0.6608,1.15474,2.64951,0.90091,0.00030128,0.00030128,0.00030128
30,112.882,1.04932,0.75684,0.82077,0.03,1,0.995,0.6608,1.15474,2.64951,0.90091,0.00030247,0.00030247,0.00030247
31,116.199,1.05311,0.74955,0.8848,0.03,1,0.995,0.62985,1.20682,2.65419,0.9094,0.000303,0.000303,0.000303
32,119.218,1.09256,0.72011,0.88573,0.03,1,0.995,0.62985,1.20682,2.65419,0.9094,0.00030287,0.00030287,0.00030287
33,122.658,1.02885,0.73292,0.87761,0.03,1,0.995,0.61657,1.21454,2.63106,0.90615,0.00030208,0.00030208,0.00030208
34,125.622,1.07826,0.74494,0.93491,0.03,1,0.995,0.61657,1.21454,2.63106,0.90615,0.00030063,0.00030063,0.00030063
35,129.013,1.12719,0.7562,0.88471,0.03,1,0.995,0.65353,1.10575,2.57415,0.89818,0.00029852,0.00029852,0.00029852
36,132.041,1.07234,0.76044,0.86725,0.03,1,0.995,0.65353,1.10575,2.57415,0.89818,0.00029575,0.00029575,0.00029575
37,135.163,1.11495,0.94049,1.03875,0.03,1,0.995,0.68402,1.02542,2.53073,0.88503,0.00029232,0.00029232,0.00029232
38,138.355,1.11958,0.76204,0.92873,0.03,1,0.995,0.68402,1.02542,2.53073,0.88503,0.00028823,0.00028823,0.00028823
39,141.453,0.99166,0.79736,0.94611,0.03,1,0.995,0.69493,1.02687,2.50264,0.88863,0.00028348,0.00028348,0.00028348
40,144.62,1.39401,0.96715,0.95888,0.03,1,0.995,0.69493,1.02687,2.50264,0.88863,0.00027807,0.00027807,0.00027807
41,147.991,1.17727,0.72164,0.91685,0.03,1,0.99446,0.70362,0.99559,2.48375,0.88393,0.000272,0.000272,0.000272
42,150.484,1.11767,0.77657,1.00391,0.03,1,0.99446,0.70362,0.99559,2.48375,0.88393,0.00026527,0.00026527,0.00026527
43,153.148,1.0537,0.78608,0.95313,0.03,1,0.99203,0.66083,1.02046,2.47106,0.89171,0.00025788,0.00025788,0.00025788
44,155.829,0.9798,0.72131,0.89077,0.03,1,0.99203,0.66083,1.02046,2.47106,0.89171,0.00024983,0.00024983,0.00024983
45,158.484,1.01374,0.72928,0.91991,0.03,1,0.99149,0.62373,1.12521,2.43587,0.90968,0.00024112,0.00024112,0.00024112
46,161.24,1.08104,0.71829,0.91938,0.03,1,0.99149,0.62373,1.12521,2.43587,0.90968,0.00023175,0.00023175,0.00023175
47,164.026,1.03572,0.69999,0.85456,0.03,1,0.99149,0.61187,1.1747,2.39281,0.92299,0.00022172,0.00022172,0.00022172
48,166.605,1.0919,0.74317,0.86853,0.03,1,0.99149,0.61187,1.1747,2.39281,0.92299,0.00021103,0.00021103,0.00021103
49,169.701,1.13181,0.72258,0.9784,0.0365,1,0.99203,0.64617,1.14413,2.33073,0.91789,0.00019968,0.00019968,0.00019968
50,173.448,1.03894,0.70106,0.90299,0.0365,1,0.99203,0.64617,1.14413,2.33073,0.91789,0.00018767,0.00018767,0.00018767
51,177.49,0.99558,0.87831,0.92668,0.08884,1,0.99284,0.6635,1.07664,2.26009,0.90969,0.000175,0.000175,0.000175
52,182.839,1.04915,0.84745,0.93357,0.08884,1,0.99284,0.6635,1.07664,2.26009,0.90969,0.00016167,0.00016167,0.00016167
53,187.197,1.17874,1.12659,0.89933,0.08884,1,0.99284,0.6635,1.07664,2.26009,0.90969,0.00014768,0.00014768,0.00014768
54,191.34,1.04611,0.9395,0.89832,1,0.87772,0.99365,0.68482,1.02359,2.17626,0.90252,0.00013303,0.00013303,0.00013303
55,195.015,0.98989,0.80304,0.92402,1,0.87772,0.99365,0.68482,1.02359,2.17626,0.90252,0.00011772,0.00011772,0.00011772
56,198.498,1.01269,0.8834,0.89218,1,0.87772,0.99365,0.68482,1.02359,2.17626,0.90252,0.00010175,0.00010175,0.00010175
57,202.174,1.035,0.81238,0.90182,1,0.49731,0.99365,0.70155,0.98494,2.10097,0.89599,8.512e-05,8.512e-05,8.512e-05
58,205.269,1.06822,0.84389,0.91655,1,0.49731,0.99365,0.70155,0.98494,2.10097,0.89599,6.783e-05,6.783e-05,6.783e-05
59,207.862,0.9168,0.69937,0.9252,1,0.49731,0.99365,0.70155,0.98494,2.10097,0.89599,4.988e-05,4.988e-05,4.988e-05
60,210.384,0.94033,0.7517,0.92906,1,0.26991,0.99365,0.7101,0.97323,2.0229,0.89581,3.127e-05,3.127e-05,3.127e-05
